Year,Name,Position,Institution,SubInstitution,Education,AffiliationId,carnegie_id,PrimarySample,FixedPosition
2010,Elizabeth Z Chace,Fellow,Brown University,,,27804330.0,217156.0,True,Trustee
2010,Artemis Aw Joukowsky,Fellow,Brown University,,,27804330.0,217156.0,True,Trustee
2010,Stephen Robert,Fellow,Brown University,,Brown 1962 AB,27804330.0,217156.0,True,Trustee
2010,Steven L Rattner,Fellow,Brown University,,Brown 1974 AB,27804330.0,217156.0,True,Trustee
2010,Robin A Lenhardt,Fellow,Brown University,,,27804330.0,217156.0,True,Trustee
2010,Ruth J Simmons,Fellow,Brown University,,,27804330.0,217156.0,True,Trustee
2010,David E Mckinney,Fellow,Brown University,,,27804330.0,217156.0,True,Trustee
2010,Donald C Hood,Fellow,Brown University,,,27804330.0,217156.0,True,Trustee
2010,Kathryn S Fuller,Fellow,Brown University,,Brown 1968 BA; Texas 1976 JD,27804330.0,217156.0,True,Trustee
2010,Timothy C Forbes,Fellow,Brown University,,,27804330.0,217156.0,True,Trustee
2010,Mark Blumenkranz,Fellow,Brown University,,,27804330.0,217156.0,True,Trustee
2010,Steven R Jordan,Fellow,Brown University,,Brown 1982 BS,27804330.0,217156.0,True,Trustee
2010,Ellison Smyth Mckissick,Trustee,Clemson University,,Clemson BS; South Carolina MBA,8078737.0,217882.0,True,Member
2010,Bill L Amick,Trustee,Clemson University,,,8078737.0,217882.0,True,Member
2010,Leslie G Mccraw,Trustee,Clemson University,,,8078737.0,217882.0,True,Member
2010,Robert L Peeler,Trustee,Clemson University,,,8078737.0,217882.0,True,Member
2010,Thomas B Mcteer,Trustee,Clemson University,,,8078737.0,217882.0,True,Member
2010,Joseph D Swann,Trustee,Clemson University,,Clemson; Case Western 1969 MBA,8078737.0,217882.0,True,Member
2010,John N Nick Mccarter J,Trustee,Clemson University,,,8078737.0,217882.0,True,Member
2010,Louis B Lynn,Trustee,Clemson University,,,8078737.0,217882.0,True,Member
2010,Leon J Hendrix,Trustee,Clemson University,,,8078737.0,217882.0,True,Member
2010,John J Britton,Trustee,Clemson University,,,8078737.0,217882.0,True,Member
2010,Patricia Herring Mcabee,Trustee,Clemson University,,,8078737.0,217882.0,True,Member
2010,William C Smith,Vice Chairman,Clemson University,,,8078737.0,217882.0,True,Board Vice President
2010,Robert E Rubin,Fellow,Harvard University,,Harvard 1960 AB; Yale 1964 LLB; London School Econ (UK),136199984.0,166027.0,True,Overseer
2010,Patricia A King,Fellow,Harvard University,Law Center,Wheaton (MA) 1963; Harvard 1969 JD,136199984.0,166027.0,True,Overseer
2010,James F Rothenberg,Treasurer,Harvard University,,"Harvard 1968 AB, 1970 MBA",136199984.0,166027.0,True,Other Board Member
2010,Nannerl Overholser Keohane,Fellow,Harvard University,Laurance S Rockefeller Distinguished Visiting Professor Of Public Affairs,"Wellesley 1961 BA; Oxford (UK) 1963 BA, MA; Yale 1967 PhD",136199984.0,166027.0,True,Overseer
2010,James R Houghton,Fellow,Harvard University,,"Harvard 1958 AB, 1962 MBA",136199984.0,166027.0,True,Overseer
2010,Robert D Reischauer,Fellow,Harvard University,,"Harvard 1963 AB; Columbia 1966 MIA, 1971 PhD",136199984.0,166027.0,True,Overseer
2010,Kathleen Hannon Aikenhead,Vice Chair,Loyola Marymount University,,Bucknell BS,35566140.0,117946.0,True,Board Vice President
2010,Bruce C Edwards,Trustee,Loyola Marymount University,,,35566140.0,117946.0,True,Regent
2010,Elbridge H Stuart,Trustee,Loyola Marymount University,,,35566140.0,117946.0,True,Regent
2010,Robert T Walsh,Trustee,Loyola Marymount University,,,35566140.0,117946.0,True,Regent
2010,Thomas R Von Der Ahe Sr,Trustee,Loyola Marymount University,,Loyola Marymount 1963,35566140.0,117946.0,True,Regent
2010,Walter F Ulloa,Trustee,Loyola Marymount University,,USC; Loyola U (Los Angeles),35566140.0,117946.0,True,Regent
2010,Rosemary L Turner,Trustee,Loyola Marymount University,,,35566140.0,117946.0,True,Regent
2010,Michael R Steed,Trustee,Loyola Marymount University,,Loyola Marymount 1971; Loyola U (Los Angeles) 1974 JD,35566140.0,117946.0,True,Regent
2010,Rita Arthur Rshm Phd,Trustee,Loyola Marymount University,,,35566140.0,117946.0,True,Regent
2010,Robert C Baker,Trustee,Loyola Marymount University,,Yale 1956 BA. 1959 LLB,35566140.0,117946.0,True,Regent
2010,Irma J Browndillon,Trustee,Loyola Marymount University,,Loyola Marymount 1970; Loyola U (Los Angeles) 1973,35566140.0,117946.0,True,Regent
2010,Larry R Carter,Trustee,Loyola Marymount University,,Arizona State 1974 BS,35566140.0,117946.0,True,Regent
2010,John F Cosgrove,Trustee,Loyola Marymount University,,Lovola Marymount 1977 MA,35566140.0,117946.0,True,Regent
2010,Frederick B Craves,Trustee,Loyola Marymount University,,Georgetown 1967 BS; UC San Francisco PhD,35566140.0,117946.0,True,Regent
2010,Rudy F Deleon,Trustee,Loyola Marymount University,,Loyola Marymount 1974,35566140.0,117946.0,True,Regent
2010,R Chad Dreier,Chair,Loyola Marymount University,,Loyola Marymount 1969 BS,35566140.0,117946.0,True,Board President
2010,Edward P Roski,Trustee,Loyola Marymount University,,USC 1962 BS,35566140.0,117946.0,True,Regent
2010,George Av Dunning,Trustee,Loyola Marymount University,,,35566140.0,117946.0,True,Regent
2010,Robert J Abernethy,Trustee,Loyola Marymount University,,,35566140.0,117946.0,True,Regent
2010,Robert B Lawton,Trustee,Loyola Marymount University,,,35566140.0,117946.0,True,Regent
2010,Laura D Williamson,Trustee,Loyola Marymount University,,Loyola Marymount 1974,35566140.0,117946.0,True,Regent
2010,Paul W Mikos,Vice Chair,Loyola Marymount University,,,35566140.0,117946.0,True,Board Vice President
2010,Anne Hennessy Csj,Trustee,Loyola Marymount University,,,35566140.0,117946.0,True,Regent
2010,Robert W Scholla,Secretary,Loyola Marymount University,,,35566140.0,117946.0,True,Other Board Member
2010,Thomas G Hynes,Trustee,Loyola Marymount University,,Loyola Marymount 1959,35566140.0,117946.0,True,Regent
2010,James R Belardi,Trustee,Loyola Marymount University,,Stanford 1979 BA; UCLA 1981 MBA,35566140.0,117946.0,True,Regent
2010,Thomas E Larkin,Trustee,Loyola Marymount University,,Notre Dame 1961 BA,35566140.0,117946.0,True,Regent
2010,Daniel K Lahart,Trustee,Loyola Marymount University,,Georgetown 1983 BSBA; Weston Theology MDiv; Boston Col MEd; Stanford 1996 MBA,35566140.0,117946.0,True,Regent
2010,Liam E Mcgee,Trustee,Loyola Marymount University,,UC San Diego BA; Pepperdine 1979 MBA; Loyola Law JD,35566140.0,117946.0,True,Regent
2010,John A Mcmahon,Trustee,Loyola Marymount University,,,35566140.0,117946.0,True,Regent
2010,Paul J Fitzgerald,Trustee,Loyola Marymount University,,"Santa Clara U 1980 BA; Munich Theology (Germany) PhB; Weston Theology 1991 MDiv, 1993; U Paris IV PhD",35566140.0,117946.0,True,Regent
2010,Deborah Lanni,Trustee,Loyola Marymount University,,,35566140.0,117946.0,True,Regent
2010,Susan F Moley,Trustee,Loyola Marymount University,,Loyola Marymount 1985,35566140.0,117946.0,True,Regent
2010,Stephen F Page,Trustee,Loyola Marymount University,,Loyola Marymount,35566140.0,117946.0,True,Regent
2010,Edward A Landry,Trustee,Loyola Marymount University,,LSU 1961 BA; UCLA 1964 JD,35566140.0,117946.0,True,Regent
2010,Joan A Payden Cfa,Trustee,Loyola Marymount University,,Trinity Col (DC) BA: Harvard 1981 AMP,35566140.0,117946.0,True,Regent
2010,Timothy G Psomas,Trustee,Loyola Marymount University,,Loyola Marymount BS,35566140.0,117946.0,True,Regent
2010,Kevin P Quinn,Trustee,Loyola Marymount University,,,35566140.0,117946.0,True,Regent
2010,Kathleen L Mccarthy,Trustee,Loyola Marymount University,,,35566140.0,117946.0,True,Regent
2010,Mary Genino Rshm,Trustee,Loyola Marymount University,,,35566140.0,117946.0,True,Regent
2010,Gregory J Omeara,Trustee,Loyola Marymount University,,,35566140.0,117946.0,True,Regent
2010,Jon S Corzine,Ex Officio Trustee,New Jersey Institute Of Technology,,Illinois 1969 BA; Chicago 1973 MBA,118118575.0,185828.0,True,"Overseer, Ex Officio"
2010,Dennis M Bone,Trustee,New Jersey Institute Of Technology,,,118118575.0,185828.0,True,Overseer
2010,Mariel Obrien,Trustee,New Jersey Institute Of Technology,,,118118575.0,185828.0,True,Overseer
2010,Diane Montalto,Trustee,New Jersey Institute Of Technology,,,118118575.0,185828.0,True,Overseer
2010,Philip K Beachem,Trustee,New Jersey Institute Of Technology,,,118118575.0,185828.0,True,Overseer
2010,Cory A Booker,Ex Officio Trustee,New Jersey Institute Of Technology,,"Stanford 1991 BA, 1992 MA; Yale 1997 JD",118118575.0,185828.0,True,"Overseer, Ex Officio"
2010,Peter A Cistaro,Trustee,New Jersey Institute Of Technology,,NJIT 1968 PhD,118118575.0,185828.0,True,Overseer
2010,Vincent L Decaprio,Trustee,New Jersey Institute Of Technology,,NJIT 1972,118118575.0,185828.0,True,Overseer
2010,Anthony J Knapp,Trustee,New Jersey Institute Of Technology,,,118118575.0,185828.0,True,Overseer
2010,Derish Wolff,Trustee,New Jersey Institute Of Technology,,,118118575.0,185828.0,True,Overseer
2010,Kathleen Wielkopolski,Chairman,New Jersey Institute Of Technology,,,118118575.0,185828.0,True,Board President
2010,Binay Sugla,Trustee,New Jersey Institute Of Technology,,,118118575.0,185828.0,True,Overseer
2010,Elizabeth Liz Garcia,Trustee,New Jersey Institute Of Technology,,,118118575.0,185828.0,True,Overseer
2010,Stephen P Depalma,Vice Chairman,New Jersey Institute Of Technology,,NJIT 1972,118118575.0,185828.0,True,Board Vice President
2010,Ralph Izzo,Governor,Rutgers State University Of New Jersey,,"Columbia 1978 BS, 1979 MS, 1981 PhD; Rutgers MBA",102322142.0,186380.0,True,Trustee
2010,M William Howard,Chairman,Rutgers State University Of New Jersey,,Morehouse Col 1968 BA; Princeton Sem 1972 MDiv,102322142.0,186380.0,True,Board President
2010,Robert A Laudicina,Governor,Rutgers State University Of New Jersey,,"Rutgers 1963 BA, 1965 MA; Columbia 1968 PhD",102322142.0,186380.0,True,Trustee
2010,Catherine A Cahill,Assistant Secretary,Rutgers State University Of New Jersey,,,102322142.0,186380.0,True,Other Board Member
2010,Anthony J Depetris,Governor,Rutgers State University Of New Jersey,,Rutgers (Camden) 1984 BA; Delaware 1986 MPA,102322142.0,186380.0,True,Trustee
2010,Bruce Fehn,Treasurer,Rutgers State University Of New Jersey,,,102322142.0,186380.0,True,Other Board Member
2010,Leslie A Fehrenbach,Secretary,Rutgers State University Of New Jersey,,,102322142.0,186380.0,True,Other Board Member
2010,Gerald C Harvey,Governor,Rutgers State University Of New Jersey,,Rutgers 1972. BA; Columbia 1975 JD,102322142.0,186380.0,True,Trustee
2010,Samuel Rabinowitz,Faculty Representative Governor,Rutgers State University Of New Jersey,,"Baruch Col 1973 BBA; Michigan State 1975 MA, 1979 PhD",102322142.0,186380.0,True,Other Board Member
2010,Richard L Mccormick,President,Rutgers State University Of New Jersey,,,102322142.0,186380.0,True,Board President
2010,Eric L Kaplan,Student Representative Governor,Rutgers State University Of New Jersey,,,102322142.0,186380.0,True,Other Board Member
2010,Patrick M Ryan,Governor,Rutgers State University Of New Jersey,,Notre Dame 1967,102322142.0,186380.0,True,Trustee
2010,John F Russo Sr,Governor,Rutgers State University Of New Jersey,,Notre Dame 1955; Columbia 1958 JD,102322142.0,186380.0,True,Trustee
2010,George R Zoffinger,Governor,Rutgers State University Of New Jersey,,Penn State 1970 BA; NYU 1971 MA,102322142.0,186380.0,True,Trustee
2010,Patricia Nachtigal,Vice Chairman,Rutgers State University Of New Jersey,,Montclair State Col 1968 BA; Rutgers (Newark) 1976 JD; NYU 1982 LLM,102322142.0,186380.0,True,Board Vice President
2010,Eugene Michael Ohara,Governor,Rutgers State University Of New Jersey,,Rutgers (Newark) 1962 BS,102322142.0,186380.0,True,Trustee
2010,Daniel H Dan Schulman,Governor,Rutgers State University Of New Jersey,,"Princeton High (Princeton, NJ; Middlebury 1980 BA; Stern 1986 MBA",102322142.0,186380.0,True,Trustee
2010,Martha A Cotter,Faculty Representative Governor,Rutgers State University Of New Jersey,,Southern Illinois 1964 BA; Georgetown 1969 PhD,102322142.0,186380.0,True,Other Board Member
2010,Joseph P La Sala,Trustee,Seton Hall University,,St Peter's Col 1969 BS; Seton Hall 1972 JD,12524447.0,186584.0,True,Regent
2010,Monsignor Joseph Reilly,Trustee,Seton Hall University,,,12524447.0,186584.0,True,Regent
2010,Patrick M Murray,Trustee,Seton Hall University,,,12524447.0,186584.0,True,Regent
2010,Monsignor James M Cafone,Vice Chairman,Seton Hall University,,,12524447.0,186584.0,True,Board Vice President
2010,Kurt T Borowsky,Trustee,Seton Hall University,,,12524447.0,186584.0,True,Regent
2010,Monsignor Robert F Coleman,Trustee,Seton Hall University,,,12524447.0,186584.0,True,Regent
2010,Monsignor John Doran,Trustee,Seton Hall University,,,12524447.0,186584.0,True,Regent
2010,Phillip Frese,Trustee,Seton Hall University,,,12524447.0,186584.0,True,Regent
2010,John J Schimpf,Trustee,Seton Hall University,,,12524447.0,186584.0,True,Regent
2010,The Most Reverend John J Myers,Chairman,Seton Hall University,,,12524447.0,186584.0,True,Board President
2010,The Most Reverend Arthur J Serratelli,Trustee,Seton Hall University,,Seton Hall 1965 BA; Pontifical Gregorian (Italy) DD,12524447.0,186584.0,True,Regent
2010,Monsignor Robert Sheeran,Trustee,Seton Hall University,,,12524447.0,186584.0,True,Regent
2010,Bruce A Tomason,Trustee,Seton Hall University,,,12524447.0,186584.0,True,Regent
2010,Pamela M Swartzberg,Secretary,Seton Hall University,,,12524447.0,186584.0,True,Other Board Member
2010,Monsignor Robert Wister,Trustee,Seton Hall University,,,12524447.0,186584.0,True,Regent
2010,Patricia Cahill,Trustee,Seton Hall University,,,12524447.0,186584.0,True,Regent
2010,Lori L Wagner,Board Member,Virginia Polytechnic Institute And State University,,Virginia Tech,859038795.0,233921.0,True,Member
2010,James W Severt Sr,Board Member,Virginia Polytechnic Institute And State University,,,859038795.0,233921.0,True,Member
2010,James R Smith,Board Member,Virginia Polytechnic Institute And State University,,Virginia Tech 1974,859038795.0,233921.0,True,Member
2010,Tom Tucker,Staff Representative,Virginia Polytechnic Institute And State University,,,859038795.0,233921.0,True,Other Board Member
